--
-- PostgreSQL database dump
--

\restrict 0ZvZIApan8Kygqjcp9Qax0ac7HqoiPlS2nj9hVe5m05nGPC2FsGw7t7ihCTDKm0

-- Dumped from database version 18.3
-- Dumped by pg_dump version 18.3

-- Started on 2026-05-17 10:45:10

SET statement_timeout = 0;
SET lock_timeout = 0;
SET idle_in_transaction_session_timeout = 0;
SET transaction_timeout = 0;
SET client_encoding = 'UTF8';
SET standard_conforming_strings = on;
SELECT pg_catalog.set_config('search_path', '', false);
SET check_function_bodies = false;
SET xmloption = content;
SET client_min_messages = warning;
SET row_security = off;

--
-- TOC entry 5 (class 2615 OID 2200)
-- Name: public; Type: SCHEMA; Schema: -; Owner: postgres
--

CREATE SCHEMA public;


ALTER SCHEMA public OWNER TO postgres;

SET default_tablespace = '';

SET default_table_access_method = heap;

--
-- TOC entry 219 (class 1259 OID 19110)
-- Name: AspNetRoleClaims; Type: TABLE; Schema: public; Owner: postgres
--

CREATE TABLE public."AspNetRoleClaims" (
    "Id" integer NOT NULL,
    "ClaimType" text,
    "ClaimValue" text,
    "RoleId" text NOT NULL
);


ALTER TABLE public."AspNetRoleClaims" OWNER TO postgres;

--
-- TOC entry 220 (class 1259 OID 19117)
-- Name: AspNetRoleClaims_Id_seq; Type: SEQUENCE; Schema: public; Owner: postgres
--

ALTER TABLE public."AspNetRoleClaims" ALTER COLUMN "Id" ADD GENERATED BY DEFAULT AS IDENTITY (
    SEQUENCE NAME public."AspNetRoleClaims_Id_seq"
    START WITH 1
    INCREMENT BY 1
    NO MINVALUE
    NO MAXVALUE
    CACHE 1
);


--
-- TOC entry 221 (class 1259 OID 19118)
-- Name: AspNetRoles; Type: TABLE; Schema: public; Owner: postgres
--

CREATE TABLE public."AspNetRoles" (
    "Id" text NOT NULL,
    "ConcurrencyStamp" text,
    "Name" character varying(256),
    "NormalizedName" character varying(256)
);


ALTER TABLE public."AspNetRoles" OWNER TO postgres;

--
-- TOC entry 222 (class 1259 OID 19124)
-- Name: AspNetUserClaims; Type: TABLE; Schema: public; Owner: postgres
--

CREATE TABLE public."AspNetUserClaims" (
    "Id" integer NOT NULL,
    "ClaimType" text,
    "ClaimValue" text,
    "UserId" text NOT NULL
);


ALTER TABLE public."AspNetUserClaims" OWNER TO postgres;

--
-- TOC entry 223 (class 1259 OID 19131)
-- Name: AspNetUserClaims_Id_seq; Type: SEQUENCE; Schema: public; Owner: postgres
--

ALTER TABLE public."AspNetUserClaims" ALTER COLUMN "Id" ADD GENERATED BY DEFAULT AS IDENTITY (
    SEQUENCE NAME public."AspNetUserClaims_Id_seq"
    START WITH 1
    INCREMENT BY 1
    NO MINVALUE
    NO MAXVALUE
    CACHE 1
);


--
-- TOC entry 224 (class 1259 OID 19132)
-- Name: AspNetUserLogins; Type: TABLE; Schema: public; Owner: postgres
--

CREATE TABLE public."AspNetUserLogins" (
    "LoginProvider" text NOT NULL,
    "ProviderKey" text NOT NULL,
    "ProviderDisplayName" text,
    "UserId" text NOT NULL
);


ALTER TABLE public."AspNetUserLogins" OWNER TO postgres;

--
-- TOC entry 225 (class 1259 OID 19140)
-- Name: AspNetUserRoles; Type: TABLE; Schema: public; Owner: postgres
--

CREATE TABLE public."AspNetUserRoles" (
    "UserId" text NOT NULL,
    "RoleId" text NOT NULL
);


ALTER TABLE public."AspNetUserRoles" OWNER TO postgres;

--
-- TOC entry 226 (class 1259 OID 19147)
-- Name: AspNetUserTokens; Type: TABLE; Schema: public; Owner: postgres
--

CREATE TABLE public."AspNetUserTokens" (
    "UserId" text NOT NULL,
    "LoginProvider" text NOT NULL,
    "Name" text NOT NULL,
    "Value" text
);


ALTER TABLE public."AspNetUserTokens" OWNER TO postgres;

--
-- TOC entry 227 (class 1259 OID 19155)
-- Name: AspNetUsers; Type: TABLE; Schema: public; Owner: postgres
--

CREATE TABLE public."AspNetUsers" (
    "Id" text NOT NULL,
    "AccessFailedCount" integer NOT NULL,
    "ConcurrencyStamp" text,
    "Email" character varying(256),
    "EmailConfirmed" boolean NOT NULL,
    "LockoutEnabled" boolean NOT NULL,
    "LockoutEnd" timestamp with time zone,
    "NormalizedEmail" character varying(256),
    "NormalizedUserName" character varying(256),
    "PasswordHash" text,
    "PhoneNumber" text,
    "PhoneNumberConfirmed" boolean NOT NULL,
    "SecurityStamp" text,
    "TwoFactorEnabled" boolean NOT NULL,
    "UserName" character varying(256)
);


ALTER TABLE public."AspNetUsers" OWNER TO postgres;

--
-- TOC entry 228 (class 1259 OID 19166)
-- Name: __EFMigrationsHistory; Type: TABLE; Schema: public; Owner: postgres
--

CREATE TABLE public."__EFMigrationsHistory" (
    "MigrationId" character varying(150) NOT NULL,
    "ProductVersion" character varying(32) NOT NULL
);


ALTER TABLE public."__EFMigrationsHistory" OWNER TO postgres;

--
-- TOC entry 230 (class 1259 OID 19384)
-- Name: drivers; Type: TABLE; Schema: public; Owner: postgres
--

CREATE TABLE public.drivers (
    driver_id integer NOT NULL,
    user_id text,
    first_name character varying(50) NOT NULL,
    last_name character varying(50) NOT NULL,
    middle_name character varying(50),
    birth_date timestamp with time zone NOT NULL,
    phone character varying(20),
    email character varying(100),
    license_number character varying(20) NOT NULL,
    license_issue_date timestamp with time zone NOT NULL,
    license_expiry_date timestamp with time zone NOT NULL,
    is_active boolean DEFAULT true NOT NULL,
    vehicle_id integer
);


ALTER TABLE public.drivers OWNER TO postgres;

--
-- TOC entry 229 (class 1259 OID 19383)
-- Name: drivers_driver_id_seq; Type: SEQUENCE; Schema: public; Owner: postgres
--

ALTER TABLE public.drivers ALTER COLUMN driver_id ADD GENERATED BY DEFAULT AS IDENTITY (
    SEQUENCE NAME public.drivers_driver_id_seq
    START WITH 1
    INCREMENT BY 1
    NO MINVALUE
    NO MAXVALUE
    CACHE 1
);


--
-- TOC entry 234 (class 1259 OID 19426)
-- Name: trip_requests; Type: TABLE; Schema: public; Owner: postgres
--

CREATE TABLE public.trip_requests (
    request_id integer NOT NULL,
    created_by_user_id text NOT NULL,
    vehicle_type character varying(20),
    trip_date timestamp with time zone NOT NULL,
    start_time timestamp with time zone,
    end_time timestamp with time zone,
    description text,
    vehicle_id integer,
    driver_id integer,
    created_at timestamp with time zone DEFAULT CURRENT_TIMESTAMP NOT NULL,
    status character varying(20) DEFAULT 'Pending'::character varying,
    rejection_reason text
);


ALTER TABLE public.trip_requests OWNER TO postgres;

--
-- TOC entry 233 (class 1259 OID 19425)
-- Name: trip_requests_request_id_seq; Type: SEQUENCE; Schema: public; Owner: postgres
--

ALTER TABLE public.trip_requests ALTER COLUMN request_id ADD GENERATED BY DEFAULT AS IDENTITY (
    SEQUENCE NAME public.trip_requests_request_id_seq
    START WITH 1
    INCREMENT BY 1
    NO MINVALUE
    NO MAXVALUE
    CACHE 1
);


--
-- TOC entry 236 (class 1259 OID 19455)
-- Name: trips; Type: TABLE; Schema: public; Owner: postgres
--

CREATE TABLE public.trips (
    trip_id integer NOT NULL,
    request_id integer NOT NULL,
    vehicle_id integer NOT NULL,
    driver_id integer NOT NULL,
    trip_date timestamp with time zone NOT NULL,
    start_time timestamp with time zone,
    end_time timestamp with time zone,
    start_odometer numeric(12,1),
    end_odometer numeric(12,1),
    status character varying(20) DEFAULT 'Scheduled'::character varying
);


ALTER TABLE public.trips OWNER TO postgres;

--
-- TOC entry 235 (class 1259 OID 19454)
-- Name: trips_trip_id_seq; Type: SEQUENCE; Schema: public; Owner: postgres
--

ALTER TABLE public.trips ALTER COLUMN trip_id ADD GENERATED BY DEFAULT AS IDENTITY (
    SEQUENCE NAME public.trips_trip_id_seq
    START WITH 1
    INCREMENT BY 1
    NO MINVALUE
    NO MAXVALUE
    CACHE 1
);


--
-- TOC entry 232 (class 1259 OID 19406)
-- Name: vehicles; Type: TABLE; Schema: public; Owner: postgres
--

CREATE TABLE public.vehicles (
    vehicle_id integer NOT NULL,
    brand character varying(50) NOT NULL,
    model character varying(50) NOT NULL,
    year integer NOT NULL,
    license_plate character varying(12) NOT NULL,
    vin character varying(17) NOT NULL,
    vehicle_type character varying(20),
    fuel_type character varying(20),
    mileage numeric(12,1) DEFAULT 0.0 NOT NULL,
    status character varying(20) DEFAULT 'Available'::character varying,
    insurance character varying(20),
    insurance_expiry_date timestamp with time zone,
    driver_id integer
);


ALTER TABLE public.vehicles OWNER TO postgres;

--
-- TOC entry 231 (class 1259 OID 19405)
-- Name: vehicles_vehicle_id_seq; Type: SEQUENCE; Schema: public; Owner: postgres
--

ALTER TABLE public.vehicles ALTER COLUMN vehicle_id ADD GENERATED BY DEFAULT AS IDENTITY (
    SEQUENCE NAME public.vehicles_vehicle_id_seq
    START WITH 1
    INCREMENT BY 1
    NO MINVALUE
    NO MAXVALUE
    CACHE 1
);


--
-- TOC entry 5113 (class 0 OID 19110)
-- Dependencies: 219
-- Data for Name: AspNetRoleClaims; Type: TABLE DATA; Schema: public; Owner: postgres
--



--
-- TOC entry 5115 (class 0 OID 19118)
-- Dependencies: 221
-- Data for Name: AspNetRoles; Type: TABLE DATA; Schema: public; Owner: postgres
--

INSERT INTO public."AspNetRoles" VALUES ('fff6870a-6a84-4fe8-b312-2ce069c0f173', '36a8c45b-2ab0-4f3f-aa37-69f125aa63c5', 'Admin', 'ADMIN');
INSERT INTO public."AspNetRoles" VALUES ('687d1155-6bdd-4715-8a53-dc58705e1820', '1565db2c-6db0-4961-8f8f-e6a5d0433a88', 'Driver', 'DRIVER');
INSERT INTO public."AspNetRoles" VALUES ('ce295335-7787-4ac5-b53b-f16e31230429', 'e38ec774-3e71-4868-815c-58eacd0dcccd', 'Employee', 'EMPLOYEE');


--
-- TOC entry 5116 (class 0 OID 19124)
-- Dependencies: 222
-- Data for Name: AspNetUserClaims; Type: TABLE DATA; Schema: public; Owner: postgres
--



--
-- TOC entry 5118 (class 0 OID 19132)
-- Dependencies: 224
-- Data for Name: AspNetUserLogins; Type: TABLE DATA; Schema: public; Owner: postgres
--



--
-- TOC entry 5119 (class 0 OID 19140)
-- Dependencies: 225
-- Data for Name: AspNetUserRoles; Type: TABLE DATA; Schema: public; Owner: postgres
--

INSERT INTO public."AspNetUserRoles" VALUES ('238fe64e-14e3-44cb-ab40-652b80780384', 'fff6870a-6a84-4fe8-b312-2ce069c0f173');
INSERT INTO public."AspNetUserRoles" VALUES ('c7b9731b-e47e-496d-8135-ac68de885ce9', 'fff6870a-6a84-4fe8-b312-2ce069c0f173');
INSERT INTO public."AspNetUserRoles" VALUES ('ed5cefc8-f838-4ad2-b542-7c4069844d1f', '687d1155-6bdd-4715-8a53-dc58705e1820');
INSERT INTO public."AspNetUserRoles" VALUES ('0359593c-4ac3-462a-b532-b1e6b01e01b2', 'ce295335-7787-4ac5-b53b-f16e31230429');


--
-- TOC entry 5120 (class 0 OID 19147)
-- Dependencies: 226
-- Data for Name: AspNetUserTokens; Type: TABLE DATA; Schema: public; Owner: postgres
--



--
-- TOC entry 5121 (class 0 OID 19155)
-- Dependencies: 227
-- Data for Name: AspNetUsers; Type: TABLE DATA; Schema: public; Owner: postgres
--

INSERT INTO public."AspNetUsers" VALUES ('238fe64e-14e3-44cb-ab40-652b80780384', 0, '1e24ad1d-7ba4-45de-a166-80df3469e3a4', 'admin@cpc.com', true, true, NULL, 'ADMIN@CPC.COM', 'ADMIN', 'AQAAAAIAAYagAAAAEAJEsOgJsC9JwHg3SpiyBLrvJZyNVqzH4yqSC0kGiGyocwH1h8FNrx8/tPoZR5S+7w==', NULL, false, 'OMTNS45ZSW4ANKZVS7CFEJAFRO7ACRKL', false, 'admin');
INSERT INTO public."AspNetUsers" VALUES ('c7b9731b-e47e-496d-8135-ac68de885ce9', 0, 'a015689e-e07a-448e-9c76-b8f9619dff5d', 'admin@mysite.com', true, true, NULL, 'ADMIN@MYSITE.COM', 'ADMIN@MYSITE.COM', 'AQAAAAIAAYagAAAAEFkq9zL57AJOhis2qxqmYw+Ov6lftU1YPGJbD3KHhw4Doo6UnC/3IKscqMwKasd1Pg==', NULL, false, 'JFNEZLC5FN5ZTIEWW6O4YSRCOR6ZONAV', false, 'admin@mysite.com');
INSERT INTO public."AspNetUsers" VALUES ('ed5cefc8-f838-4ad2-b542-7c4069844d1f', 0, '3a40eb54-c12d-4fe6-9986-fdcc09dfebab', 'driver@mysite.com', true, true, NULL, 'DRIVER@MYSITE.COM', 'DRIVER@MYSITE.COM', 'AQAAAAIAAYagAAAAEN36xkOW439zBFI1yUbeIx8fuc26UJf3+XKOMw3LrkFCIRkwxKekd8xSxGnynjxy5Q==', NULL, false, 'C5BT7FM2ZYGB6BUTDBJZL3NX4BBHMUEI', false, 'driver@mysite.com');
INSERT INTO public."AspNetUsers" VALUES ('0359593c-4ac3-462a-b532-b1e6b01e01b2', 0, '73aca234-a101-4a09-8b1a-ee7e10ae936e', 'employee@mysite.com', true, true, NULL, 'EMPLOYEE@MYSITE.COM', 'EMPLOYEE@MYSITE.COM', 'AQAAAAIAAYagAAAAEIbAkh7mH1jla1ex9VH5rwwaxLkIzp3SjaPeTAbMusrJXIcdhvHMr800jUOt2nRCRA==', NULL, false, '2LWTDO4B7OM76UFJPHB33WWVIYJQOMMN', false, 'employee@mysite.com');


--
-- TOC entry 5122 (class 0 OID 19166)
-- Dependencies: 228
-- Data for Name: __EFMigrationsHistory; Type: TABLE DATA; Schema: public; Owner: postgres
--

INSERT INTO public."__EFMigrationsHistory" VALUES ('20260517072432_InitialDomainTables', '10.0.8');


--
-- TOC entry 5124 (class 0 OID 19384)
-- Dependencies: 230
-- Data for Name: drivers; Type: TABLE DATA; Schema: public; Owner: postgres
--



--
-- TOC entry 5128 (class 0 OID 19426)
-- Dependencies: 234
-- Data for Name: trip_requests; Type: TABLE DATA; Schema: public; Owner: postgres
--



--
-- TOC entry 5130 (class 0 OID 19455)
-- Dependencies: 236
-- Data for Name: trips; Type: TABLE DATA; Schema: public; Owner: postgres
--



--
-- TOC entry 5126 (class 0 OID 19406)
-- Dependencies: 232
-- Data for Name: vehicles; Type: TABLE DATA; Schema: public; Owner: postgres
--



--
-- TOC entry 5137 (class 0 OID 0)
-- Dependencies: 220
-- Name: AspNetRoleClaims_Id_seq; Type: SEQUENCE SET; Schema: public; Owner: postgres
--

SELECT pg_catalog.setval('public."AspNetRoleClaims_Id_seq"', 1, false);


--
-- TOC entry 5138 (class 0 OID 0)
-- Dependencies: 223
-- Name: AspNetUserClaims_Id_seq; Type: SEQUENCE SET; Schema: public; Owner: postgres
--

SELECT pg_catalog.setval('public."AspNetUserClaims_Id_seq"', 1, false);


--
-- TOC entry 5139 (class 0 OID 0)
-- Dependencies: 229
-- Name: drivers_driver_id_seq; Type: SEQUENCE SET; Schema: public; Owner: postgres
--

SELECT pg_catalog.setval('public.drivers_driver_id_seq', 1, false);


--
-- TOC entry 5140 (class 0 OID 0)
-- Dependencies: 233
-- Name: trip_requests_request_id_seq; Type: SEQUENCE SET; Schema: public; Owner: postgres
--

SELECT pg_catalog.setval('public.trip_requests_request_id_seq', 1, false);


--
-- TOC entry 5141 (class 0 OID 0)
-- Dependencies: 235
-- Name: trips_trip_id_seq; Type: SEQUENCE SET; Schema: public; Owner: postgres
--

SELECT pg_catalog.setval('public.trips_trip_id_seq', 1, false);


--
-- TOC entry 5142 (class 0 OID 0)
-- Dependencies: 231
-- Name: vehicles_vehicle_id_seq; Type: SEQUENCE SET; Schema: public; Owner: postgres
--

SELECT pg_catalog.setval('public.vehicles_vehicle_id_seq', 1, false);


--
-- TOC entry 4913 (class 2606 OID 19260)
-- Name: AspNetRoleClaims PK_AspNetRoleClaims; Type: CONSTRAINT; Schema: public; Owner: postgres
--

ALTER TABLE ONLY public."AspNetRoleClaims"
    ADD CONSTRAINT "PK_AspNetRoleClaims" PRIMARY KEY ("Id");


--
-- TOC entry 4915 (class 2606 OID 19262)
-- Name: AspNetRoles PK_AspNetRoles; Type: CONSTRAINT; Schema: public; Owner: postgres
--

ALTER TABLE ONLY public."AspNetRoles"
    ADD CONSTRAINT "PK_AspNetRoles" PRIMARY KEY ("Id");


--
-- TOC entry 4919 (class 2606 OID 19264)
-- Name: AspNetUserClaims PK_AspNetUserClaims; Type: CONSTRAINT; Schema: public; Owner: postgres
--

ALTER TABLE ONLY public."AspNetUserClaims"
    ADD CONSTRAINT "PK_AspNetUserClaims" PRIMARY KEY ("Id");


--
-- TOC entry 4922 (class 2606 OID 19266)
-- Name: AspNetUserLogins PK_AspNetUserLogins; Type: CONSTRAINT; Schema: public; Owner: postgres
--

ALTER TABLE ONLY public."AspNetUserLogins"
    ADD CONSTRAINT "PK_AspNetUserLogins" PRIMARY KEY ("LoginProvider", "ProviderKey");


--
-- TOC entry 4925 (class 2606 OID 19268)
-- Name: AspNetUserRoles PK_AspNetUserRoles; Type: CONSTRAINT; Schema: public; Owner: postgres
--

ALTER TABLE ONLY public."AspNetUserRoles"
    ADD CONSTRAINT "PK_AspNetUserRoles" PRIMARY KEY ("UserId", "RoleId");


--
-- TOC entry 4927 (class 2606 OID 19270)
-- Name: AspNetUserTokens PK_AspNetUserTokens; Type: CONSTRAINT; Schema: public; Owner: postgres
--

ALTER TABLE ONLY public."AspNetUserTokens"
    ADD CONSTRAINT "PK_AspNetUserTokens" PRIMARY KEY ("UserId", "LoginProvider", "Name");


--
-- TOC entry 4930 (class 2606 OID 19272)
-- Name: AspNetUsers PK_AspNetUsers; Type: CONSTRAINT; Schema: public; Owner: postgres
--

ALTER TABLE ONLY public."AspNetUsers"
    ADD CONSTRAINT "PK_AspNetUsers" PRIMARY KEY ("Id");


--
-- TOC entry 4933 (class 2606 OID 19274)
-- Name: __EFMigrationsHistory PK___EFMigrationsHistory; Type: CONSTRAINT; Schema: public; Owner: postgres
--

ALTER TABLE ONLY public."__EFMigrationsHistory"
    ADD CONSTRAINT "PK___EFMigrationsHistory" PRIMARY KEY ("MigrationId");


--
-- TOC entry 4937 (class 2606 OID 19399)
-- Name: drivers PK_drivers; Type: CONSTRAINT; Schema: public; Owner: postgres
--

ALTER TABLE ONLY public.drivers
    ADD CONSTRAINT "PK_drivers" PRIMARY KEY (driver_id);


--
-- TOC entry 4945 (class 2606 OID 19438)
-- Name: trip_requests PK_trip_requests; Type: CONSTRAINT; Schema: public; Owner: postgres
--

ALTER TABLE ONLY public.trip_requests
    ADD CONSTRAINT "PK_trip_requests" PRIMARY KEY (request_id);


--
-- TOC entry 4950 (class 2606 OID 19465)
-- Name: trips PK_trips; Type: CONSTRAINT; Schema: public; Owner: postgres
--

ALTER TABLE ONLY public.trips
    ADD CONSTRAINT "PK_trips" PRIMARY KEY (trip_id);


--
-- TOC entry 4940 (class 2606 OID 19419)
-- Name: vehicles PK_vehicles; Type: CONSTRAINT; Schema: public; Owner: postgres
--

ALTER TABLE ONLY public.vehicles
    ADD CONSTRAINT "PK_vehicles" PRIMARY KEY (vehicle_id);


--
-- TOC entry 4928 (class 1259 OID 19297)
-- Name: EmailIndex; Type: INDEX; Schema: public; Owner: postgres
--

CREATE INDEX "EmailIndex" ON public."AspNetUsers" USING btree ("NormalizedEmail");


--
-- TOC entry 4911 (class 1259 OID 19298)
-- Name: IX_AspNetRoleClaims_RoleId; Type: INDEX; Schema: public; Owner: postgres
--

CREATE INDEX "IX_AspNetRoleClaims_RoleId" ON public."AspNetRoleClaims" USING btree ("RoleId");


--
-- TOC entry 4917 (class 1259 OID 19299)
-- Name: IX_AspNetUserClaims_UserId; Type: INDEX; Schema: public; Owner: postgres
--

CREATE INDEX "IX_AspNetUserClaims_UserId" ON public."AspNetUserClaims" USING btree ("UserId");


--
-- TOC entry 4920 (class 1259 OID 19300)
-- Name: IX_AspNetUserLogins_UserId; Type: INDEX; Schema: public; Owner: postgres
--

CREATE INDEX "IX_AspNetUserLogins_UserId" ON public."AspNetUserLogins" USING btree ("UserId");


--
-- TOC entry 4923 (class 1259 OID 19301)
-- Name: IX_AspNetUserRoles_RoleId; Type: INDEX; Schema: public; Owner: postgres
--

CREATE INDEX "IX_AspNetUserRoles_RoleId" ON public."AspNetUserRoles" USING btree ("RoleId");


--
-- TOC entry 4934 (class 1259 OID 19481)
-- Name: IX_drivers_user_id; Type: INDEX; Schema: public; Owner: postgres
--

CREATE INDEX "IX_drivers_user_id" ON public.drivers USING btree (user_id);


--
-- TOC entry 4935 (class 1259 OID 19482)
-- Name: IX_drivers_vehicle_id; Type: INDEX; Schema: public; Owner: postgres
--

CREATE INDEX "IX_drivers_vehicle_id" ON public.drivers USING btree (vehicle_id);


--
-- TOC entry 4941 (class 1259 OID 19483)
-- Name: IX_trip_requests_created_by_user_id; Type: INDEX; Schema: public; Owner: postgres
--

CREATE INDEX "IX_trip_requests_created_by_user_id" ON public.trip_requests USING btree (created_by_user_id);


--
-- TOC entry 4942 (class 1259 OID 19484)
-- Name: IX_trip_requests_driver_id; Type: INDEX; Schema: public; Owner: postgres
--

CREATE INDEX "IX_trip_requests_driver_id" ON public.trip_requests USING btree (driver_id);


--
-- TOC entry 4943 (class 1259 OID 19485)
-- Name: IX_trip_requests_vehicle_id; Type: INDEX; Schema: public; Owner: postgres
--

CREATE INDEX "IX_trip_requests_vehicle_id" ON public.trip_requests USING btree (vehicle_id);


--
-- TOC entry 4946 (class 1259 OID 19486)
-- Name: IX_trips_driver_id; Type: INDEX; Schema: public; Owner: postgres
--

CREATE INDEX "IX_trips_driver_id" ON public.trips USING btree (driver_id);


--
-- TOC entry 4947 (class 1259 OID 19487)
-- Name: IX_trips_request_id; Type: INDEX; Schema: public; Owner: postgres
--

CREATE UNIQUE INDEX "IX_trips_request_id" ON public.trips USING btree (request_id);


--
-- TOC entry 4948 (class 1259 OID 19488)
-- Name: IX_trips_vehicle_id; Type: INDEX; Schema: public; Owner: postgres
--

CREATE INDEX "IX_trips_vehicle_id" ON public.trips USING btree (vehicle_id);


--
-- TOC entry 4938 (class 1259 OID 19489)
-- Name: IX_vehicles_driver_id; Type: INDEX; Schema: public; Owner: postgres
--

CREATE INDEX "IX_vehicles_driver_id" ON public.vehicles USING btree (driver_id);


--
-- TOC entry 4916 (class 1259 OID 19302)
-- Name: RoleNameIndex; Type: INDEX; Schema: public; Owner: postgres
--

CREATE UNIQUE INDEX "RoleNameIndex" ON public."AspNetRoles" USING btree ("NormalizedName");


--
-- TOC entry 4931 (class 1259 OID 19303)
-- Name: UserNameIndex; Type: INDEX; Schema: public; Owner: postgres
--

CREATE UNIQUE INDEX "UserNameIndex" ON public."AspNetUsers" USING btree ("NormalizedUserName");


--
-- TOC entry 4951 (class 2606 OID 19312)
-- Name: AspNetRoleClaims FK_AspNetRoleClaims_AspNetRoles_RoleId; Type: FK CONSTRAINT; Schema: public; Owner: postgres
--

ALTER TABLE ONLY public."AspNetRoleClaims"
    ADD CONSTRAINT "FK_AspNetRoleClaims_AspNetRoles_RoleId" FOREIGN KEY ("RoleId") REFERENCES public."AspNetRoles"("Id") ON DELETE CASCADE;


--
-- TOC entry 4952 (class 2606 OID 19317)
-- Name: AspNetUserClaims FK_AspNetUserClaims_AspNetUsers_UserId; Type: FK CONSTRAINT; Schema: public; Owner: postgres
--

ALTER TABLE ONLY public."AspNetUserClaims"
    ADD CONSTRAINT "FK_AspNetUserClaims_AspNetUsers_UserId" FOREIGN KEY ("UserId") REFERENCES public."AspNetUsers"("Id") ON DELETE CASCADE;


--
-- TOC entry 4953 (class 2606 OID 19322)
-- Name: AspNetUserLogins FK_AspNetUserLogins_AspNetUsers_UserId; Type: FK CONSTRAINT; Schema: public; Owner: postgres
--

ALTER TABLE ONLY public."AspNetUserLogins"
    ADD CONSTRAINT "FK_AspNetUserLogins_AspNetUsers_UserId" FOREIGN KEY ("UserId") REFERENCES public."AspNetUsers"("Id") ON DELETE CASCADE;


--
-- TOC entry 4954 (class 2606 OID 19327)
-- Name: AspNetUserRoles FK_AspNetUserRoles_AspNetRoles_RoleId; Type: FK CONSTRAINT; Schema: public; Owner: postgres
--

ALTER TABLE ONLY public."AspNetUserRoles"
    ADD CONSTRAINT "FK_AspNetUserRoles_AspNetRoles_RoleId" FOREIGN KEY ("RoleId") REFERENCES public."AspNetRoles"("Id") ON DELETE CASCADE;


--
-- TOC entry 4955 (class 2606 OID 19332)
-- Name: AspNetUserRoles FK_AspNetUserRoles_AspNetUsers_UserId; Type: FK CONSTRAINT; Schema: public; Owner: postgres
--

ALTER TABLE ONLY public."AspNetUserRoles"
    ADD CONSTRAINT "FK_AspNetUserRoles_AspNetUsers_UserId" FOREIGN KEY ("UserId") REFERENCES public."AspNetUsers"("Id") ON DELETE CASCADE;


--
-- TOC entry 4956 (class 2606 OID 19337)
-- Name: AspNetUserTokens FK_AspNetUserTokens_AspNetUsers_UserId; Type: FK CONSTRAINT; Schema: public; Owner: postgres
--

ALTER TABLE ONLY public."AspNetUserTokens"
    ADD CONSTRAINT "FK_AspNetUserTokens_AspNetUsers_UserId" FOREIGN KEY ("UserId") REFERENCES public."AspNetUsers"("Id") ON DELETE CASCADE;


--
-- TOC entry 4957 (class 2606 OID 19400)
-- Name: drivers FK_drivers_AspNetUsers_user_id; Type: FK CONSTRAINT; Schema: public; Owner: postgres
--

ALTER TABLE ONLY public.drivers
    ADD CONSTRAINT "FK_drivers_AspNetUsers_user_id" FOREIGN KEY (user_id) REFERENCES public."AspNetUsers"("Id") ON DELETE SET NULL;


--
-- TOC entry 4958 (class 2606 OID 19490)
-- Name: drivers FK_drivers_vehicles_vehicle_id; Type: FK CONSTRAINT; Schema: public; Owner: postgres
--

ALTER TABLE ONLY public.drivers
    ADD CONSTRAINT "FK_drivers_vehicles_vehicle_id" FOREIGN KEY (vehicle_id) REFERENCES public.vehicles(vehicle_id) ON DELETE SET NULL;


--
-- TOC entry 4960 (class 2606 OID 19439)
-- Name: trip_requests FK_trip_requests_AspNetUsers_created_by_user_id; Type: FK CONSTRAINT; Schema: public; Owner: postgres
--

ALTER TABLE ONLY public.trip_requests
    ADD CONSTRAINT "FK_trip_requests_AspNetUsers_created_by_user_id" FOREIGN KEY (created_by_user_id) REFERENCES public."AspNetUsers"("Id") ON DELETE RESTRICT;


--
-- TOC entry 4961 (class 2606 OID 19444)
-- Name: trip_requests FK_trip_requests_drivers_driver_id; Type: FK CONSTRAINT; Schema: public; Owner: postgres
--

ALTER TABLE ONLY public.trip_requests
    ADD CONSTRAINT "FK_trip_requests_drivers_driver_id" FOREIGN KEY (driver_id) REFERENCES public.drivers(driver_id) ON DELETE SET NULL;


--
-- TOC entry 4962 (class 2606 OID 19449)
-- Name: trip_requests FK_trip_requests_vehicles_vehicle_id; Type: FK CONSTRAINT; Schema: public; Owner: postgres
--

ALTER TABLE ONLY public.trip_requests
    ADD CONSTRAINT "FK_trip_requests_vehicles_vehicle_id" FOREIGN KEY (vehicle_id) REFERENCES public.vehicles(vehicle_id) ON DELETE SET NULL;


--
-- TOC entry 4963 (class 2606 OID 19466)
-- Name: trips FK_trips_drivers_driver_id; Type: FK CONSTRAINT; Schema: public; Owner: postgres
--

ALTER TABLE ONLY public.trips
    ADD CONSTRAINT "FK_trips_drivers_driver_id" FOREIGN KEY (driver_id) REFERENCES public.drivers(driver_id) ON DELETE RESTRICT;


--
-- TOC entry 4964 (class 2606 OID 19471)
-- Name: trips FK_trips_trip_requests_request_id; Type: FK CONSTRAINT; Schema: public; Owner: postgres
--

ALTER TABLE ONLY public.trips
    ADD CONSTRAINT "FK_trips_trip_requests_request_id" FOREIGN KEY (request_id) REFERENCES public.trip_requests(request_id) ON DELETE CASCADE;


--
-- TOC entry 4965 (class 2606 OID 19476)
-- Name: trips FK_trips_vehicles_vehicle_id; Type: FK CONSTRAINT; Schema: public; Owner: postgres
--

ALTER TABLE ONLY public.trips
    ADD CONSTRAINT "FK_trips_vehicles_vehicle_id" FOREIGN KEY (vehicle_id) REFERENCES public.vehicles(vehicle_id) ON DELETE RESTRICT;


--
-- TOC entry 4959 (class 2606 OID 19420)
-- Name: vehicles FK_vehicles_drivers_driver_id; Type: FK CONSTRAINT; Schema: public; Owner: postgres
--

ALTER TABLE ONLY public.vehicles
    ADD CONSTRAINT "FK_vehicles_drivers_driver_id" FOREIGN KEY (driver_id) REFERENCES public.drivers(driver_id) ON DELETE SET NULL;


--
-- TOC entry 5136 (class 0 OID 0)
-- Dependencies: 5
-- Name: SCHEMA public; Type: ACL; Schema: -; Owner: postgres
--

REVOKE USAGE ON SCHEMA public FROM PUBLIC;


-- Completed on 2026-05-17 10:45:10

--
-- PostgreSQL database dump complete
--

\unrestrict 0ZvZIApan8Kygqjcp9Qax0ac7HqoiPlS2nj9hVe5m05nGPC2FsGw7t7ihCTDKm0

