--
-- PostgreSQL database dump
--

\restrict TNEJkLkePkng7G5nqA0j8yCv5iXy6tMkhtwHIN16hMupp7aquNQAtQw2fGIYzzD

-- Dumped from database version 18.3
-- Dumped by pg_dump version 18.3

SET statement_timeout = 0;
SET lock_timeout = 0;
SET idle_in_transaction_session_timeout = 0;
SET transaction_timeout = 0;
SET client_encoding = 'UTF8';
SET standard_conforming_strings = on;
SELECT pg_catalog.set_config('search_path', '', false);
SET check_function_bodies = false;
SET xmloption = content;
SET client_min_messages = warning;
SET row_security = off;

--
-- Name: public; Type: SCHEMA; Schema: -; Owner: postgres
--

-- *not* creating schema, since initdb creates it


ALTER SCHEMA public OWNER TO postgres;

--
-- Name: SCHEMA public; Type: COMMENT; Schema: -; Owner: postgres
--

COMMENT ON SCHEMA public IS '';


SET default_tablespace = '';

SET default_table_access_method = heap;

--
-- Name: AspNetRoleClaims; Type: TABLE; Schema: public; Owner: postgres
--

CREATE TABLE public."AspNetRoleClaims" (
    "Id" integer NOT NULL,
    "ClaimType" text,
    "ClaimValue" text,
    "RoleId" text NOT NULL
);


ALTER TABLE public."AspNetRoleClaims" OWNER TO postgres;

--
-- Name: AspNetRoleClaims_Id_seq; Type: SEQUENCE; Schema: public; Owner: postgres
--

ALTER TABLE public."AspNetRoleClaims" ALTER COLUMN "Id" ADD GENERATED BY DEFAULT AS IDENTITY (
    SEQUENCE NAME public."AspNetRoleClaims_Id_seq"
    START WITH 1
    INCREMENT BY 1
    NO MINVALUE
    NO MAXVALUE
    CACHE 1
);


--
-- Name: AspNetRoles; Type: TABLE; Schema: public; Owner: postgres
--

CREATE TABLE public."AspNetRoles" (
    "Id" text NOT NULL,
    "ConcurrencyStamp" text,
    "Name" character varying(256),
    "NormalizedName" character varying(256)
);


ALTER TABLE public."AspNetRoles" OWNER TO postgres;

--
-- Name: AspNetUserClaims; Type: TABLE; Schema: public; Owner: postgres
--

CREATE TABLE public."AspNetUserClaims" (
    "Id" integer NOT NULL,
    "ClaimType" text,
    "ClaimValue" text,
    "UserId" text NOT NULL
);


ALTER TABLE public."AspNetUserClaims" OWNER TO postgres;

--
-- Name: AspNetUserClaims_Id_seq; Type: SEQUENCE; Schema: public; Owner: postgres
--

ALTER TABLE public."AspNetUserClaims" ALTER COLUMN "Id" ADD GENERATED BY DEFAULT AS IDENTITY (
    SEQUENCE NAME public."AspNetUserClaims_Id_seq"
    START WITH 1
    INCREMENT BY 1
    NO MINVALUE
    NO MAXVALUE
    CACHE 1
);


--
-- Name: AspNetUserLogins; Type: TABLE; Schema: public; Owner: postgres
--

CREATE TABLE public."AspNetUserLogins" (
    "LoginProvider" text NOT NULL,
    "ProviderKey" text NOT NULL,
    "ProviderDisplayName" text,
    "UserId" text NOT NULL
);


ALTER TABLE public."AspNetUserLogins" OWNER TO postgres;

--
-- Name: AspNetUserRoles; Type: TABLE; Schema: public; Owner: postgres
--

CREATE TABLE public."AspNetUserRoles" (
    "UserId" text NOT NULL,
    "RoleId" text NOT NULL
);


ALTER TABLE public."AspNetUserRoles" OWNER TO postgres;

--
-- Name: AspNetUserTokens; Type: TABLE; Schema: public; Owner: postgres
--

CREATE TABLE public."AspNetUserTokens" (
    "UserId" text NOT NULL,
    "LoginProvider" text NOT NULL,
    "Name" text NOT NULL,
    "Value" text
);


ALTER TABLE public."AspNetUserTokens" OWNER TO postgres;

--
-- Name: AspNetUsers; Type: TABLE; Schema: public; Owner: postgres
--

CREATE TABLE public."AspNetUsers" (
    "Id" text NOT NULL,
    "AccessFailedCount" integer NOT NULL,
    "ConcurrencyStamp" text,
    "Email" character varying(256),
    "EmailConfirmed" boolean NOT NULL,
    "LockoutEnabled" boolean NOT NULL,
    "LockoutEnd" timestamp with time zone,
    "NormalizedEmail" character varying(256),
    "NormalizedUserName" character varying(256),
    "PasswordHash" text,
    "PhoneNumber" text,
    "PhoneNumberConfirmed" boolean NOT NULL,
    "SecurityStamp" text,
    "TwoFactorEnabled" boolean NOT NULL,
    "UserName" character varying(256)
);


ALTER TABLE public."AspNetUsers" OWNER TO postgres;

--
-- Name: __EFMigrationsHistory; Type: TABLE; Schema: public; Owner: postgres
--

CREATE TABLE public."__EFMigrationsHistory" (
    "MigrationId" character varying(150) NOT NULL,
    "ProductVersion" character varying(32) NOT NULL
);


ALTER TABLE public."__EFMigrationsHistory" OWNER TO postgres;

--
-- Name: drivers; Type: TABLE; Schema: public; Owner: postgres
--

CREATE TABLE public.drivers (
    driver_id integer NOT NULL,
    user_id integer,
    vehicle_id integer,
    first_name character varying(50) NOT NULL,
    last_name character varying(50) NOT NULL,
    middle_name character varying(50),
    license_number character varying(20) NOT NULL,
    license_issue_date date NOT NULL,
    license_expiry_date date NOT NULL,
    birth_date date NOT NULL,
    phone character varying(20),
    email character varying(100),
    is_active boolean DEFAULT true
);


ALTER TABLE public.drivers OWNER TO postgres;

--
-- Name: drivers_driver_id_seq; Type: SEQUENCE; Schema: public; Owner: postgres
--

CREATE SEQUENCE public.drivers_driver_id_seq
    AS integer
    START WITH 1
    INCREMENT BY 1
    NO MINVALUE
    NO MAXVALUE
    CACHE 1;


ALTER SEQUENCE public.drivers_driver_id_seq OWNER TO postgres;

--
-- Name: drivers_driver_id_seq; Type: SEQUENCE OWNED BY; Schema: public; Owner: postgres
--

ALTER SEQUENCE public.drivers_driver_id_seq OWNED BY public.drivers.driver_id;


--
-- Name: trip_requests; Type: TABLE; Schema: public; Owner: postgres
--

CREATE TABLE public.trip_requests (
    request_id integer NOT NULL,
    user_id integer NOT NULL,
    driver_id integer NOT NULL,
    vehicle_id integer NOT NULL,
    created_at timestamp without time zone DEFAULT CURRENT_TIMESTAMP,
    description text,
    status character varying(20) DEFAULT 'pending'::character varying,
    CONSTRAINT trip_requests_status_check CHECK (((status)::text = ANY (ARRAY[('pending'::character varying)::text, ('approved'::character varying)::text, ('rejected'::character varying)::text])))
);


ALTER TABLE public.trip_requests OWNER TO postgres;

--
-- Name: trip_requests_request_id_seq; Type: SEQUENCE; Schema: public; Owner: postgres
--

CREATE SEQUENCE public.trip_requests_request_id_seq
    AS integer
    START WITH 1
    INCREMENT BY 1
    NO MINVALUE
    NO MAXVALUE
    CACHE 1;


ALTER SEQUENCE public.trip_requests_request_id_seq OWNER TO postgres;

--
-- Name: trip_requests_request_id_seq; Type: SEQUENCE OWNED BY; Schema: public; Owner: postgres
--

ALTER SEQUENCE public.trip_requests_request_id_seq OWNED BY public.trip_requests.request_id;


--
-- Name: trips; Type: TABLE; Schema: public; Owner: postgres
--

CREATE TABLE public.trips (
    trip_id integer NOT NULL,
    request_id integer NOT NULL,
    vehicle_id integer NOT NULL,
    trip_date date NOT NULL,
    start_time timestamp without time zone NOT NULL,
    end_time timestamp without time zone,
    start_odometer numeric(12,1) NOT NULL,
    end_odometer numeric(12,1),
    status character varying(20) DEFAULT 'planned'::character varying,
    CONSTRAINT trips_status_check CHECK (((status)::text = ANY (ARRAY[('planned'::character varying)::text, ('active'::character varying)::text, ('completed'::character varying)::text, ('cancelled'::character varying)::text])))
);


ALTER TABLE public.trips OWNER TO postgres;

--
-- Name: trips_trip_id_seq; Type: SEQUENCE; Schema: public; Owner: postgres
--

CREATE SEQUENCE public.trips_trip_id_seq
    AS integer
    START WITH 1
    INCREMENT BY 1
    NO MINVALUE
    NO MAXVALUE
    CACHE 1;


ALTER SEQUENCE public.trips_trip_id_seq OWNER TO postgres;

--
-- Name: trips_trip_id_seq; Type: SEQUENCE OWNED BY; Schema: public; Owner: postgres
--

ALTER SEQUENCE public.trips_trip_id_seq OWNED BY public.trips.trip_id;


--
-- Name: users; Type: TABLE; Schema: public; Owner: postgres
--

CREATE TABLE public.users (
    user_id integer NOT NULL,
    username character varying(50) NOT NULL,
    password_hash character varying(255) NOT NULL,
    email character varying(100) NOT NULL,
    is_active boolean DEFAULT true,
    role character varying(20) NOT NULL,
    CONSTRAINT users_role_check CHECK (((role)::text = ANY (ARRAY[('admin'::character varying)::text, ('driver'::character varying)::text, ('employee'::character varying)::text])))
);


ALTER TABLE public.users OWNER TO postgres;

--
-- Name: users_user_id_seq; Type: SEQUENCE; Schema: public; Owner: postgres
--

CREATE SEQUENCE public.users_user_id_seq
    AS integer
    START WITH 1
    INCREMENT BY 1
    NO MINVALUE
    NO MAXVALUE
    CACHE 1;


ALTER SEQUENCE public.users_user_id_seq OWNER TO postgres;

--
-- Name: users_user_id_seq; Type: SEQUENCE OWNED BY; Schema: public; Owner: postgres
--

ALTER SEQUENCE public.users_user_id_seq OWNED BY public.users.user_id;


--
-- Name: v_drivers; Type: VIEW; Schema: public; Owner: postgres
--

CREATE VIEW public.v_drivers AS
 SELECT driver_id AS "Идентификатор_водителя",
    first_name AS "Имя",
    last_name AS "Фамилия",
    middle_name AS "Отчество",
    license_number AS "Номер_прав",
    license_issue_date AS "Дата_выдачи_прав",
    license_expiry_date AS "Дата_окончания_прав",
    birth_date AS "Дата_рождения",
    phone AS "Телефон",
    email AS "Email",
    is_active AS "Состояние"
   FROM public.drivers
  ORDER BY driver_id;


ALTER VIEW public.v_drivers OWNER TO postgres;

--
-- Name: v_trip_requests; Type: VIEW; Schema: public; Owner: postgres
--

CREATE VIEW public.v_trip_requests AS
 SELECT request_id AS "Идентификатор_заявки",
    user_id AS "Идентификатор_пользователя",
    driver_id AS "Идентификатор_водителя",
    vehicle_id AS "Идентификатор_ТС",
    created_at AS "Дата_создания",
    description AS "Описание",
    status AS "Статус"
   FROM public.trip_requests
  ORDER BY request_id;


ALTER VIEW public.v_trip_requests OWNER TO postgres;

--
-- Name: v_trips; Type: VIEW; Schema: public; Owner: postgres
--

CREATE VIEW public.v_trips AS
 SELECT trip_id AS "Идентификатор_поездки",
    request_id AS "Идентификатор_заявки",
    vehicle_id AS "Идентификатор_ТС",
    trip_date AS "Дата_поездки",
    start_time AS "Время_начала",
    end_time AS "Время_окончания",
    start_odometer AS "Пробег_в_начале",
    end_odometer AS "Пробег_в_конце",
    status AS "Статус"
   FROM public.trips
  ORDER BY trip_id;


ALTER VIEW public.v_trips OWNER TO postgres;

--
-- Name: v_users; Type: VIEW; Schema: public; Owner: postgres
--

CREATE VIEW public.v_users AS
 SELECT user_id AS "Идентификатор пользователя",
    username AS "Имя_пользователя",
    password_hash AS "Хэш_пароля",
    email AS "Email",
    is_active AS "Состояние",
    role AS "Роль"
   FROM public.users
  ORDER BY user_id;


ALTER VIEW public.v_users OWNER TO postgres;

--
-- Name: vehicles; Type: TABLE; Schema: public; Owner: postgres
--

CREATE TABLE public.vehicles (
    vehicle_id integer NOT NULL,
    driver_id integer,
    license_plate character varying(12) NOT NULL,
    vin character varying(17) NOT NULL,
    brand character varying(50) NOT NULL,
    model character varying(50) NOT NULL,
    year integer NOT NULL,
    mileage numeric(12,1) DEFAULT 0,
    fuel_type character varying(20),
    vehicle_type character varying(20),
    status character varying(20),
    insurance character varying(20),
    CONSTRAINT vehicles_fuel_type_check CHECK (((fuel_type)::text = ANY (ARRAY[('бензин'::character varying)::text, ('дизель'::character varying)::text, ('электро'::character varying)::text, ('газ'::character varying)::text]))),
    CONSTRAINT vehicles_insurance_check CHECK (((insurance)::text = ANY (ARRAY[('действует'::character varying)::text, ('не действует'::character varying)::text, ('оформляется'::character varying)::text]))),
    CONSTRAINT vehicles_status_check CHECK (((status)::text = ANY (ARRAY[('в парке'::character varying)::text, ('в ремонте'::character varying)::text, ('на ТО'::character varying)::text, ('списан'::character varying)::text]))),
    CONSTRAINT vehicles_vehicle_type_check CHECK (((vehicle_type)::text = ANY (ARRAY[('легковой'::character varying)::text, ('грузовой'::character varying)::text, ('спецтехника'::character varying)::text])))
);


ALTER TABLE public.vehicles OWNER TO postgres;

--
-- Name: v_vehicles; Type: VIEW; Schema: public; Owner: postgres
--

CREATE VIEW public.v_vehicles AS
 SELECT vehicle_id AS "Идентификатор_ТС",
    driver_id AS "Идентификатор_водителя",
    license_plate AS "Госномер",
    vin AS "VIN_номер",
    brand AS "Марка",
    model AS "Модель",
    year AS "Год_выпуска",
    mileage AS "Пробег",
    fuel_type AS "Тип_топлива",
    vehicle_type AS "Тип_ТС",
    status AS "Состояние",
    insurance AS "Страховка"
   FROM public.vehicles
  ORDER BY vehicle_id;


ALTER VIEW public.v_vehicles OWNER TO postgres;

--
-- Name: vehicles_vehicle_id_seq; Type: SEQUENCE; Schema: public; Owner: postgres
--

CREATE SEQUENCE public.vehicles_vehicle_id_seq
    AS integer
    START WITH 1
    INCREMENT BY 1
    NO MINVALUE
    NO MAXVALUE
    CACHE 1;


ALTER SEQUENCE public.vehicles_vehicle_id_seq OWNER TO postgres;

--
-- Name: vehicles_vehicle_id_seq; Type: SEQUENCE OWNED BY; Schema: public; Owner: postgres
--

ALTER SEQUENCE public.vehicles_vehicle_id_seq OWNED BY public.vehicles.vehicle_id;


--
-- Name: drivers driver_id; Type: DEFAULT; Schema: public; Owner: postgres
--

ALTER TABLE ONLY public.drivers ALTER COLUMN driver_id SET DEFAULT nextval('public.drivers_driver_id_seq'::regclass);


--
-- Name: trip_requests request_id; Type: DEFAULT; Schema: public; Owner: postgres
--

ALTER TABLE ONLY public.trip_requests ALTER COLUMN request_id SET DEFAULT nextval('public.trip_requests_request_id_seq'::regclass);


--
-- Name: trips trip_id; Type: DEFAULT; Schema: public; Owner: postgres
--

ALTER TABLE ONLY public.trips ALTER COLUMN trip_id SET DEFAULT nextval('public.trips_trip_id_seq'::regclass);


--
-- Name: users user_id; Type: DEFAULT; Schema: public; Owner: postgres
--

ALTER TABLE ONLY public.users ALTER COLUMN user_id SET DEFAULT nextval('public.users_user_id_seq'::regclass);


--
-- Name: vehicles vehicle_id; Type: DEFAULT; Schema: public; Owner: postgres
--

ALTER TABLE ONLY public.vehicles ALTER COLUMN vehicle_id SET DEFAULT nextval('public.vehicles_vehicle_id_seq'::regclass);


--
-- Data for Name: AspNetRoleClaims; Type: TABLE DATA; Schema: public; Owner: postgres
--

COPY public."AspNetRoleClaims" ("Id", "ClaimType", "ClaimValue", "RoleId") FROM stdin;
\.


--
-- Data for Name: AspNetRoles; Type: TABLE DATA; Schema: public; Owner: postgres
--

COPY public."AspNetRoles" ("Id", "ConcurrencyStamp", "Name", "NormalizedName") FROM stdin;
fff6870a-6a84-4fe8-b312-2ce069c0f173	36a8c45b-2ab0-4f3f-aa37-69f125aa63c5	Admin	ADMIN
687d1155-6bdd-4715-8a53-dc58705e1820	1565db2c-6db0-4961-8f8f-e6a5d0433a88	Driver	DRIVER
ce295335-7787-4ac5-b53b-f16e31230429	e38ec774-3e71-4868-815c-58eacd0dcccd	Employee	EMPLOYEE
\.


--
-- Data for Name: AspNetUserClaims; Type: TABLE DATA; Schema: public; Owner: postgres
--

COPY public."AspNetUserClaims" ("Id", "ClaimType", "ClaimValue", "UserId") FROM stdin;
\.


--
-- Data for Name: AspNetUserLogins; Type: TABLE DATA; Schema: public; Owner: postgres
--

COPY public."AspNetUserLogins" ("LoginProvider", "ProviderKey", "ProviderDisplayName", "UserId") FROM stdin;
\.


--
-- Data for Name: AspNetUserRoles; Type: TABLE DATA; Schema: public; Owner: postgres
--

COPY public."AspNetUserRoles" ("UserId", "RoleId") FROM stdin;
238fe64e-14e3-44cb-ab40-652b80780384	fff6870a-6a84-4fe8-b312-2ce069c0f173
c7b9731b-e47e-496d-8135-ac68de885ce9	fff6870a-6a84-4fe8-b312-2ce069c0f173
ed5cefc8-f838-4ad2-b542-7c4069844d1f	687d1155-6bdd-4715-8a53-dc58705e1820
0359593c-4ac3-462a-b532-b1e6b01e01b2	ce295335-7787-4ac5-b53b-f16e31230429
\.


--
-- Data for Name: AspNetUserTokens; Type: TABLE DATA; Schema: public; Owner: postgres
--

COPY public."AspNetUserTokens" ("UserId", "LoginProvider", "Name", "Value") FROM stdin;
\.


--
-- Data for Name: AspNetUsers; Type: TABLE DATA; Schema: public; Owner: postgres
--

COPY public."AspNetUsers" ("Id", "AccessFailedCount", "ConcurrencyStamp", "Email", "EmailConfirmed", "LockoutEnabled", "LockoutEnd", "NormalizedEmail", "NormalizedUserName", "PasswordHash", "PhoneNumber", "PhoneNumberConfirmed", "SecurityStamp", "TwoFactorEnabled", "UserName") FROM stdin;
238fe64e-14e3-44cb-ab40-652b80780384	0	1e24ad1d-7ba4-45de-a166-80df3469e3a4	admin@cpc.com	t	t	\N	ADMIN@CPC.COM	ADMIN	AQAAAAIAAYagAAAAEAJEsOgJsC9JwHg3SpiyBLrvJZyNVqzH4yqSC0kGiGyocwH1h8FNrx8/tPoZR5S+7w==	\N	f	OMTNS45ZSW4ANKZVS7CFEJAFRO7ACRKL	f	admin
c7b9731b-e47e-496d-8135-ac68de885ce9	0	a015689e-e07a-448e-9c76-b8f9619dff5d	admin@mysite.com	t	t	\N	ADMIN@MYSITE.COM	ADMIN@MYSITE.COM	AQAAAAIAAYagAAAAEFkq9zL57AJOhis2qxqmYw+Ov6lftU1YPGJbD3KHhw4Doo6UnC/3IKscqMwKasd1Pg==	\N	f	JFNEZLC5FN5ZTIEWW6O4YSRCOR6ZONAV	f	admin@mysite.com
ed5cefc8-f838-4ad2-b542-7c4069844d1f	0	3a40eb54-c12d-4fe6-9986-fdcc09dfebab	driver@mysite.com	t	t	\N	DRIVER@MYSITE.COM	DRIVER@MYSITE.COM	AQAAAAIAAYagAAAAEN36xkOW439zBFI1yUbeIx8fuc26UJf3+XKOMw3LrkFCIRkwxKekd8xSxGnynjxy5Q==	\N	f	C5BT7FM2ZYGB6BUTDBJZL3NX4BBHMUEI	f	driver@mysite.com
0359593c-4ac3-462a-b532-b1e6b01e01b2	0	73aca234-a101-4a09-8b1a-ee7e10ae936e	employee@mysite.com	t	t	\N	EMPLOYEE@MYSITE.COM	EMPLOYEE@MYSITE.COM	AQAAAAIAAYagAAAAEIbAkh7mH1jla1ex9VH5rwwaxLkIzp3SjaPeTAbMusrJXIcdhvHMr800jUOt2nRCRA==	\N	f	2LWTDO4B7OM76UFJPHB33WWVIYJQOMMN	f	employee@mysite.com
\.


--
-- Data for Name: __EFMigrationsHistory; Type: TABLE DATA; Schema: public; Owner: postgres
--

COPY public."__EFMigrationsHistory" ("MigrationId", "ProductVersion") FROM stdin;
00000000000000_CreateIdentitySchema	10.0.6
20260420160114_UpdateDatabase	10.0.6
\.


--
-- Data for Name: drivers; Type: TABLE DATA; Schema: public; Owner: postgres
--

COPY public.drivers (driver_id, user_id, vehicle_id, first_name, last_name, middle_name, license_number, license_issue_date, license_expiry_date, birth_date, phone, email, is_active) FROM stdin;
1	5	1	Иван	Кузнецов	Петрович	1234 567890	2015-05-10	2025-05-10	1985-03-15	+79161234567	kuznecov@carpark.com	t
2	6	2	Алексей	Смирнов	Иванович	5678 123456	2016-08-20	2026-08-20	1990-07-22	+79167654321	smirnov@carpark.com	t
\.


--
-- Data for Name: trip_requests; Type: TABLE DATA; Schema: public; Owner: postgres
--

COPY public.trip_requests (request_id, user_id, driver_id, vehicle_id, created_at, description, status) FROM stdin;
1	2	1	1	2026-04-20 13:24:09.547376	Доставка документов в офис на ул. Ленина, 10	pending
2	3	2	2	2026-04-20 13:24:09.547376	Забрать оборудование со склада	approved
3	4	1	3	2026-04-20 13:24:09.547376	Встреча с партнёрами в аэропорту	rejected
\.


--
-- Data for Name: trips; Type: TABLE DATA; Schema: public; Owner: postgres
--

COPY public.trips (trip_id, request_id, vehicle_id, trip_date, start_time, end_time, start_odometer, end_odometer, status) FROM stdin;
1	2	2	2025-01-15	2025-01-15 09:00:00	2025-01-15 11:30:00	35000.0	35250.0	completed
2	1	1	2025-01-20	2025-01-20 14:00:00	\N	15000.0	\N	active
\.


--
-- Data for Name: users; Type: TABLE DATA; Schema: public; Owner: postgres
--

COPY public.users (user_id, username, password_hash, email, is_active, role) FROM stdin;
1	admin	admin123	admin@carpark.com	t	admin
2	ivanov	pass123	ivanov@carpark.com	t	employee
3	petrov	pass123	petrov@carpark.com	t	employee
4	sidorov	pass123	sidorov@carpark.com	t	employee
5	driver_kuznecov	pass123	kuznecov@carpark.com	t	driver
6	driver_smirnov	pass123	smirnov@carpark.com	t	driver
\.


--
-- Data for Name: vehicles; Type: TABLE DATA; Schema: public; Owner: postgres
--

COPY public.vehicles (vehicle_id, driver_id, license_plate, vin, brand, model, year, mileage, fuel_type, vehicle_type, status, insurance) FROM stdin;
3	\N	С789АВ777	XTA12345678901234	Kia	Rio	2023	5000.0	бензин	легковой	на ТО	действует
4	\N	Е101ММ777	ZFA12345678901234	Ford	Focus	2020	60000.0	дизель	легковой	в ремонте	не действует
5	\N	Т202ГР777	W0L12345678901234	GAZ	Газель	2019	120000.0	дизель	грузовой	в парке	действует
6	\N	С305РУ777	VIN12345678901234	MAN	TGS	2021	80000.0	дизель	грузовой	в парке	действует
7	\N	К408АМ777	ABC12345678901234	CAT	320D	2018	5000.0	дизель	спецтехника	в ремонте	не действует
1	1	А123ВС777	WDB12345678901234	Toyota	Camry	2022	15250.0	бензин	легковой	в парке	действует
2	2	В456ОК777	JHM12345678901234	Hyundai	Solaris	2021	35250.0	бензин	легковой	в парке	действует
\.


--
-- Name: AspNetRoleClaims_Id_seq; Type: SEQUENCE SET; Schema: public; Owner: postgres
--

SELECT pg_catalog.setval('public."AspNetRoleClaims_Id_seq"', 1, false);


--
-- Name: AspNetUserClaims_Id_seq; Type: SEQUENCE SET; Schema: public; Owner: postgres
--

SELECT pg_catalog.setval('public."AspNetUserClaims_Id_seq"', 1, false);


--
-- Name: drivers_driver_id_seq; Type: SEQUENCE SET; Schema: public; Owner: postgres
--

SELECT pg_catalog.setval('public.drivers_driver_id_seq', 2, true);


--
-- Name: trip_requests_request_id_seq; Type: SEQUENCE SET; Schema: public; Owner: postgres
--

SELECT pg_catalog.setval('public.trip_requests_request_id_seq', 3, true);


--
-- Name: trips_trip_id_seq; Type: SEQUENCE SET; Schema: public; Owner: postgres
--

SELECT pg_catalog.setval('public.trips_trip_id_seq', 2, true);


--
-- Name: users_user_id_seq; Type: SEQUENCE SET; Schema: public; Owner: postgres
--

SELECT pg_catalog.setval('public.users_user_id_seq', 6, true);


--
-- Name: vehicles_vehicle_id_seq; Type: SEQUENCE SET; Schema: public; Owner: postgres
--

SELECT pg_catalog.setval('public.vehicles_vehicle_id_seq', 7, true);


--
-- Name: AspNetRoleClaims PK_AspNetRoleClaims; Type: CONSTRAINT; Schema: public; Owner: postgres
--

ALTER TABLE ONLY public."AspNetRoleClaims"
    ADD CONSTRAINT "PK_AspNetRoleClaims" PRIMARY KEY ("Id");


--
-- Name: AspNetRoles PK_AspNetRoles; Type: CONSTRAINT; Schema: public; Owner: postgres
--

ALTER TABLE ONLY public."AspNetRoles"
    ADD CONSTRAINT "PK_AspNetRoles" PRIMARY KEY ("Id");


--
-- Name: AspNetUserClaims PK_AspNetUserClaims; Type: CONSTRAINT; Schema: public; Owner: postgres
--

ALTER TABLE ONLY public."AspNetUserClaims"
    ADD CONSTRAINT "PK_AspNetUserClaims" PRIMARY KEY ("Id");


--
-- Name: AspNetUserLogins PK_AspNetUserLogins; Type: CONSTRAINT; Schema: public; Owner: postgres
--

ALTER TABLE ONLY public."AspNetUserLogins"
    ADD CONSTRAINT "PK_AspNetUserLogins" PRIMARY KEY ("LoginProvider", "ProviderKey");


--
-- Name: AspNetUserRoles PK_AspNetUserRoles; Type: CONSTRAINT; Schema: public; Owner: postgres
--

ALTER TABLE ONLY public."AspNetUserRoles"
    ADD CONSTRAINT "PK_AspNetUserRoles" PRIMARY KEY ("UserId", "RoleId");


--
-- Name: AspNetUserTokens PK_AspNetUserTokens; Type: CONSTRAINT; Schema: public; Owner: postgres
--

ALTER TABLE ONLY public."AspNetUserTokens"
    ADD CONSTRAINT "PK_AspNetUserTokens" PRIMARY KEY ("UserId", "LoginProvider", "Name");


--
-- Name: AspNetUsers PK_AspNetUsers; Type: CONSTRAINT; Schema: public; Owner: postgres
--

ALTER TABLE ONLY public."AspNetUsers"
    ADD CONSTRAINT "PK_AspNetUsers" PRIMARY KEY ("Id");


--
-- Name: __EFMigrationsHistory PK___EFMigrationsHistory; Type: CONSTRAINT; Schema: public; Owner: postgres
--

ALTER TABLE ONLY public."__EFMigrationsHistory"
    ADD CONSTRAINT "PK___EFMigrationsHistory" PRIMARY KEY ("MigrationId");


--
-- Name: drivers drivers_license_number_key; Type: CONSTRAINT; Schema: public; Owner: postgres
--

ALTER TABLE ONLY public.drivers
    ADD CONSTRAINT drivers_license_number_key UNIQUE (license_number);


--
-- Name: drivers drivers_pkey; Type: CONSTRAINT; Schema: public; Owner: postgres
--

ALTER TABLE ONLY public.drivers
    ADD CONSTRAINT drivers_pkey PRIMARY KEY (driver_id);


--
-- Name: trip_requests trip_requests_pkey; Type: CONSTRAINT; Schema: public; Owner: postgres
--

ALTER TABLE ONLY public.trip_requests
    ADD CONSTRAINT trip_requests_pkey PRIMARY KEY (request_id);


--
-- Name: trips trips_pkey; Type: CONSTRAINT; Schema: public; Owner: postgres
--

ALTER TABLE ONLY public.trips
    ADD CONSTRAINT trips_pkey PRIMARY KEY (trip_id);


--
-- Name: trips trips_request_id_key; Type: CONSTRAINT; Schema: public; Owner: postgres
--

ALTER TABLE ONLY public.trips
    ADD CONSTRAINT trips_request_id_key UNIQUE (request_id);


--
-- Name: users users_email_key; Type: CONSTRAINT; Schema: public; Owner: postgres
--

ALTER TABLE ONLY public.users
    ADD CONSTRAINT users_email_key UNIQUE (email);


--
-- Name: users users_pkey; Type: CONSTRAINT; Schema: public; Owner: postgres
--

ALTER TABLE ONLY public.users
    ADD CONSTRAINT users_pkey PRIMARY KEY (user_id);


--
-- Name: users users_username_key; Type: CONSTRAINT; Schema: public; Owner: postgres
--

ALTER TABLE ONLY public.users
    ADD CONSTRAINT users_username_key UNIQUE (username);


--
-- Name: vehicles vehicles_license_plate_key; Type: CONSTRAINT; Schema: public; Owner: postgres
--

ALTER TABLE ONLY public.vehicles
    ADD CONSTRAINT vehicles_license_plate_key UNIQUE (license_plate);


--
-- Name: vehicles vehicles_pkey; Type: CONSTRAINT; Schema: public; Owner: postgres
--

ALTER TABLE ONLY public.vehicles
    ADD CONSTRAINT vehicles_pkey PRIMARY KEY (vehicle_id);


--
-- Name: vehicles vehicles_vin_key; Type: CONSTRAINT; Schema: public; Owner: postgres
--

ALTER TABLE ONLY public.vehicles
    ADD CONSTRAINT vehicles_vin_key UNIQUE (vin);


--
-- Name: EmailIndex; Type: INDEX; Schema: public; Owner: postgres
--

CREATE INDEX "EmailIndex" ON public."AspNetUsers" USING btree ("NormalizedEmail");


--
-- Name: IX_AspNetRoleClaims_RoleId; Type: INDEX; Schema: public; Owner: postgres
--

CREATE INDEX "IX_AspNetRoleClaims_RoleId" ON public."AspNetRoleClaims" USING btree ("RoleId");


--
-- Name: IX_AspNetUserClaims_UserId; Type: INDEX; Schema: public; Owner: postgres
--

CREATE INDEX "IX_AspNetUserClaims_UserId" ON public."AspNetUserClaims" USING btree ("UserId");


--
-- Name: IX_AspNetUserLogins_UserId; Type: INDEX; Schema: public; Owner: postgres
--

CREATE INDEX "IX_AspNetUserLogins_UserId" ON public."AspNetUserLogins" USING btree ("UserId");


--
-- Name: IX_AspNetUserRoles_RoleId; Type: INDEX; Schema: public; Owner: postgres
--

CREATE INDEX "IX_AspNetUserRoles_RoleId" ON public."AspNetUserRoles" USING btree ("RoleId");


--
-- Name: RoleNameIndex; Type: INDEX; Schema: public; Owner: postgres
--

CREATE UNIQUE INDEX "RoleNameIndex" ON public."AspNetRoles" USING btree ("NormalizedName");


--
-- Name: UserNameIndex; Type: INDEX; Schema: public; Owner: postgres
--

CREATE UNIQUE INDEX "UserNameIndex" ON public."AspNetUsers" USING btree ("NormalizedUserName");


--
-- Name: idx_drivers_user_id; Type: INDEX; Schema: public; Owner: postgres
--

CREATE INDEX idx_drivers_user_id ON public.drivers USING btree (user_id);


--
-- Name: idx_drivers_vehicle_id; Type: INDEX; Schema: public; Owner: postgres
--

CREATE INDEX idx_drivers_vehicle_id ON public.drivers USING btree (vehicle_id);


--
-- Name: idx_trip_requests_driver_id; Type: INDEX; Schema: public; Owner: postgres
--

CREATE INDEX idx_trip_requests_driver_id ON public.trip_requests USING btree (driver_id);


--
-- Name: idx_trip_requests_user_id; Type: INDEX; Schema: public; Owner: postgres
--

CREATE INDEX idx_trip_requests_user_id ON public.trip_requests USING btree (user_id);


--
-- Name: idx_trip_requests_vehicle_id; Type: INDEX; Schema: public; Owner: postgres
--

CREATE INDEX idx_trip_requests_vehicle_id ON public.trip_requests USING btree (vehicle_id);


--
-- Name: idx_trips_request_id; Type: INDEX; Schema: public; Owner: postgres
--

CREATE INDEX idx_trips_request_id ON public.trips USING btree (request_id);


--
-- Name: idx_trips_vehicle_id; Type: INDEX; Schema: public; Owner: postgres
--

CREATE INDEX idx_trips_vehicle_id ON public.trips USING btree (vehicle_id);


--
-- Name: idx_vehicles_driver_id; Type: INDEX; Schema: public; Owner: postgres
--

CREATE INDEX idx_vehicles_driver_id ON public.vehicles USING btree (driver_id);


--
-- Name: AspNetRoleClaims FK_AspNetRoleClaims_AspNetRoles_RoleId; Type: FK CONSTRAINT; Schema: public; Owner: postgres
--

ALTER TABLE ONLY public."AspNetRoleClaims"
    ADD CONSTRAINT "FK_AspNetRoleClaims_AspNetRoles_RoleId" FOREIGN KEY ("RoleId") REFERENCES public."AspNetRoles"("Id") ON DELETE CASCADE;


--
-- Name: AspNetUserClaims FK_AspNetUserClaims_AspNetUsers_UserId; Type: FK CONSTRAINT; Schema: public; Owner: postgres
--

ALTER TABLE ONLY public."AspNetUserClaims"
    ADD CONSTRAINT "FK_AspNetUserClaims_AspNetUsers_UserId" FOREIGN KEY ("UserId") REFERENCES public."AspNetUsers"("Id") ON DELETE CASCADE;


--
-- Name: AspNetUserLogins FK_AspNetUserLogins_AspNetUsers_UserId; Type: FK CONSTRAINT; Schema: public; Owner: postgres
--

ALTER TABLE ONLY public."AspNetUserLogins"
    ADD CONSTRAINT "FK_AspNetUserLogins_AspNetUsers_UserId" FOREIGN KEY ("UserId") REFERENCES public."AspNetUsers"("Id") ON DELETE CASCADE;


--
-- Name: AspNetUserRoles FK_AspNetUserRoles_AspNetRoles_RoleId; Type: FK CONSTRAINT; Schema: public; Owner: postgres
--

ALTER TABLE ONLY public."AspNetUserRoles"
    ADD CONSTRAINT "FK_AspNetUserRoles_AspNetRoles_RoleId" FOREIGN KEY ("RoleId") REFERENCES public."AspNetRoles"("Id") ON DELETE CASCADE;


--
-- Name: AspNetUserRoles FK_AspNetUserRoles_AspNetUsers_UserId; Type: FK CONSTRAINT; Schema: public; Owner: postgres
--

ALTER TABLE ONLY public."AspNetUserRoles"
    ADD CONSTRAINT "FK_AspNetUserRoles_AspNetUsers_UserId" FOREIGN KEY ("UserId") REFERENCES public."AspNetUsers"("Id") ON DELETE CASCADE;


--
-- Name: AspNetUserTokens FK_AspNetUserTokens_AspNetUsers_UserId; Type: FK CONSTRAINT; Schema: public; Owner: postgres
--

ALTER TABLE ONLY public."AspNetUserTokens"
    ADD CONSTRAINT "FK_AspNetUserTokens_AspNetUsers_UserId" FOREIGN KEY ("UserId") REFERENCES public."AspNetUsers"("Id") ON DELETE CASCADE;


--
-- Name: drivers drivers_user_id_fkey; Type: FK CONSTRAINT; Schema: public; Owner: postgres
--

ALTER TABLE ONLY public.drivers
    ADD CONSTRAINT drivers_user_id_fkey FOREIGN KEY (user_id) REFERENCES public.users(user_id) ON DELETE SET NULL;


--
-- Name: drivers fk_drivers_vehicle; Type: FK CONSTRAINT; Schema: public; Owner: postgres
--

ALTER TABLE ONLY public.drivers
    ADD CONSTRAINT fk_drivers_vehicle FOREIGN KEY (vehicle_id) REFERENCES public.vehicles(vehicle_id) ON DELETE SET NULL;


--
-- Name: trip_requests trip_requests_driver_id_fkey; Type: FK CONSTRAINT; Schema: public; Owner: postgres
--

ALTER TABLE ONLY public.trip_requests
    ADD CONSTRAINT trip_requests_driver_id_fkey FOREIGN KEY (driver_id) REFERENCES public.drivers(driver_id) ON DELETE CASCADE;


--
-- Name: trip_requests trip_requests_user_id_fkey; Type: FK CONSTRAINT; Schema: public; Owner: postgres
--

ALTER TABLE ONLY public.trip_requests
    ADD CONSTRAINT trip_requests_user_id_fkey FOREIGN KEY (user_id) REFERENCES public.users(user_id) ON DELETE CASCADE;


--
-- Name: trip_requests trip_requests_vehicle_id_fkey; Type: FK CONSTRAINT; Schema: public; Owner: postgres
--

ALTER TABLE ONLY public.trip_requests
    ADD CONSTRAINT trip_requests_vehicle_id_fkey FOREIGN KEY (vehicle_id) REFERENCES public.vehicles(vehicle_id) ON DELETE CASCADE;


--
-- Name: trips trips_request_id_fkey; Type: FK CONSTRAINT; Schema: public; Owner: postgres
--

ALTER TABLE ONLY public.trips
    ADD CONSTRAINT trips_request_id_fkey FOREIGN KEY (request_id) REFERENCES public.trip_requests(request_id) ON DELETE CASCADE;


--
-- Name: trips trips_vehicle_id_fkey; Type: FK CONSTRAINT; Schema: public; Owner: postgres
--

ALTER TABLE ONLY public.trips
    ADD CONSTRAINT trips_vehicle_id_fkey FOREIGN KEY (vehicle_id) REFERENCES public.vehicles(vehicle_id) ON DELETE CASCADE;


--
-- Name: vehicles vehicles_driver_id_fkey; Type: FK CONSTRAINT; Schema: public; Owner: postgres
--

ALTER TABLE ONLY public.vehicles
    ADD CONSTRAINT vehicles_driver_id_fkey FOREIGN KEY (driver_id) REFERENCES public.drivers(driver_id) ON DELETE SET NULL;


--
-- Name: SCHEMA public; Type: ACL; Schema: -; Owner: postgres
--

REVOKE USAGE ON SCHEMA public FROM PUBLIC;


--
-- PostgreSQL database dump complete
--

\unrestrict TNEJkLkePkng7G5nqA0j8yCv5iXy6tMkhtwHIN16hMupp7aquNQAtQw2fGIYzzD

